size,time_seconds,gflops
128,0.001388,3.021996
256,0.024175,1.387972
512,0.686794,0.390853
768,1.020292,0.887952
1024,5.951580,0.360826
