size,algorithm,time_seconds,gflops
32,naive,0.000015,4.467957
32,goto,0.000015,4.431701
64,naive,0.000131,4.013811
64,goto,0.000135,3.873858
128,naive,0.003408,1.230577
128,goto,0.003201,1.310164
256,naive,0.042217,0.794815
256,goto,0.033266,1.008675
512,naive,0.463390,0.579287
512,goto,0.350967,0.764844
