size,algorithm,time_seconds,gflops
32,naive,0.000016,4.065256
32,goto,0.000016,4.005623
64,naive,0.000148,3.536441
64,goto,0.000157,3.338351
128,naive,0.003541,1.184370
128,goto,0.003210,1.306471
256,naive,0.041239,0.813663
256,goto,0.034256,0.979533
512,naive,0.503255,0.533398
512,goto,0.353850,0.758614
