size,algorithm,time_seconds,gflops
64,naive,0.000130,4.018795
64,goto,0.000130,4.025306
128,naive,0.001715,2.446275
128,goto,0.001450,2.893597
256,naive,0.024052,1.395066
256,goto,0.024107,1.391883
384,naive,0.038115,2.971159
384,goto,0.038206,2.964120
512,naive,0.683293,0.392856
512,goto,0.682758,0.393163
