size,algorithm,time_seconds,gflops
64,naive,0.000129,4.056136
64,goto,0.000130,4.029327
128,naive,0.001737,2.415346
128,goto,0.001408,2.979591
256,naive,0.024781,1.354063
256,goto,0.025259,1.328397
384,naive,0.038980,2.905274
384,goto,0.039068,2.898693
512,naive,0.692806,0.387461
512,goto,0.688831,0.389697
