size,algorithm,time_seconds,gflops
32,naive,0.000015,4.261118
32,goto,0.000015,4.258350
64,naive,0.000147,3.556472
64,goto,0.000148,3.546848
128,naive,0.002125,1.973991
128,goto,0.001522,2.755296
256,naive,0.027882,1.203447
256,goto,0.025497,1.316034
512,naive,0.761527,0.352496
512,goto,0.681857,0.393683
